Product code,Language,Vendor,Product id,Product URL,Product name,Image URL,Quantity,Price,Category,Description
"EIC610","en","East India Cases","32","http://www.threadcrafts.in/accessories/mobile-cases-covers/stuart-minion-pro-i6s/","Stuart Minion - iPhone 6s / 6","http://www.threadcrafts.in/images/thumbnails/280/280/detailed/2/I6-BK3IN-610.jpg","1","449.00","Accessories///Mobile cases/covers","<p><span>At East India Cases our products are crafted with utmost attention to quality and finishing. We believe in 100% satisfaction and perfection. With an aim to provide our customers with best designs at amazing prices you can always find just what you need Right Here!</span></p><p><strong><em>MPro</em> Variant </strong>- Molded with premium Polycarbonates these cases sport a Matte Finish that make them look """"SOOOOO VOGUE!""""</p><p>So what are you waiting for? Grab the designs that describe you best!</p>"
"EIC611","en","East India Cases","31","http://www.threadcrafts.in/accessories/mobile-cases-covers/hulk-pro-i6s/","Hulk - iPhone 6s / 6","http://www.threadcrafts.in/images/thumbnails/280/280/detailed/2/I6-BK3IN-611.jpg","1","449.00","Accessories///Mobile cases/covers","<p><span>At East India Cases our products are crafted with utmost attention to quality and finishing. We believe in 100% satisfaction and perfection. With an aim to provide our customers with best designs at amazing prices you can always find just what you need Right Here!</span></p><p><strong><em>MPro</em> Variant </strong>- Molded with premium Polycarbonates these cases sport a Matte Finish that make them look """"SOOOOO VOGUE!""""</p><p>So what are you waiting for? Grab the designs that describe you best!</p>"
"EIC1442","en","East India Cases","20","http://www.threadcrafts.in/accessories/mobile-cases-covers/iron-man-head-pro-i5s/","Iron Man Head - iPhone SE / 5s","http://www.threadcrafts.in/images/thumbnails/280/280/detailed/2/I5S-BK3IN-1442.jpg","1","449.00","Accessories///Mobile cases/covers","<p><span>At East India Cases our products are crafted with utmost attention to quality and finishing. We believe in 100% satisfaction and perfection. With an aim to provide our customers with best designs at amazing prices you can always find just what you need Right Here!</span></p><p><strong><em>MPro</em> Variant </strong>- Molded with premium Polycarbonates these cases sport a Matte Finish that make them look """"SOOOOO VOGUE!""""</p><p>So what are you waiting for? Grab the designs that describe you best!</p>"
"EIC3002","en","East India Cases","21","http://www.threadcrafts.in/accessories/mobile-cases-covers/big-eyed-batman-pro-i5s/","Big Eyed Batman - iPhone SE / 5s","http://www.threadcrafts.in/images/thumbnails/280/280/detailed/2/I5S-EIC3IN-3002.jpg","1","449.00","Accessories///Mobile cases/covers","<p><span>At East India Cases our products are crafted with utmost attention to quality and finishing. We believe in 100% satisfaction and perfection. With an aim to provide our customers with best designs at amazing prices you can always find just what you need Right Here!</span></p><p><strong><em>MPro</em> Variant </strong>- Molded with premium Polycarbonates these cases sport a Matte Finish that make them look """"SOOOOO VOGUE!""""</p><p>So what are you waiting for? Grab the designs that describe you best!</p>"
"EIC4021","en","East India Cases","22","http://www.threadcrafts.in/accessories/mobile-cases-covers/jon-snow-pro-i5s/","Jon Snow - iPhone SE / 5s","http://www.threadcrafts.in/images/thumbnails/280/280/detailed/2/I5S-EIC3IN-4021.jpg","1","449.00","Accessories///Mobile cases/covers","<p><span>At East India Cases our products are crafted with utmost attention to quality and finishing. We believe in 100% satisfaction and perfection. With an aim to provide our customers with best designs at amazing prices you can always find just what you need Right Here!</span></p><p><strong><em>MPro</em> Variant </strong>- Molded with premium Polycarbonates these cases sport a Matte Finish that make them look """"SOOOOO VOGUE!""""</p><p>So what are you waiting for? Grab the designs that describe you best!</p>"
"EIC4005","en","East India Cases","23","http://www.threadcrafts.in/accessories/mobile-cases-covers/the-north-remembers-pro-i5s/","The North Remembers - iPhone SE / 5s","http://www.threadcrafts.in/images/thumbnails/280/280/detailed/2/I5S-EIC3IN-4005.jpg","1","449.00","Accessories///Mobile cases/covers","<p><span>At East India Cases our products are crafted with utmost attention to quality and finishing. We believe in 100% satisfaction and perfection. With an aim to provide our customers with best designs at amazing prices you can always find just what you need Right Here!</span></p><p><strong><em>MPro</em> Variant </strong>- Molded with premium Polycarbonates these cases sport a Matte Finish that make them look """"SOOOOO VOGUE!""""</p><p>So what are you waiting for? Grab the designs that describe you best!</p>"
"EIC5014","en","East India Cases","24","http://www.threadcrafts.in/accessories/mobile-cases-covers/silence-speaks-when-words-cant-pro-i5s/","Silence Speaks When Words Can't - iPhone SE / 5s","http://www.threadcrafts.in/images/thumbnails/280/280/detailed/2/I5S-EIC3IN-5014.jpg","1","449.00","Accessories///Mobile cases/covers","<p><span>At East India Cases our products are crafted with utmost attention to quality and finishing. We believe in 100% satisfaction and perfection. With an aim to provide our customers with best designs at amazing prices you can always find just what you need Right Here!</span></p><p><strong><em>MPro</em> Variant </strong>- Molded with premium Polycarbonates these cases sport a Matte Finish that make them look """"SOOOOO VOGUE!""""</p><p>So what are you waiting for? Grab the designs that describe you best!</p>"
"EIC5003","en","East India Cases","25","http://www.threadcrafts.in/accessories/mobile-cases-covers/bigger-dreams-louder-actions-pro-i5s/","Bigger Dreams Louder Actions - iPhone SE / 5s","http://www.threadcrafts.in/images/thumbnails/280/280/detailed/2/I5S-EIC3IN-5003.jpg","1","449.00","Accessories///Mobile cases/covers","<p><span>At East India Cases our products are crafted with utmost attention to quality and finishing. We believe in 100% satisfaction and perfection. With an aim to provide our customers with best designs at amazing prices you can always find just what you need Right Here!</span></p><p><strong><em>MPro</em> Variant </strong>- Molded with premium Polycarbonates these cases sport a Matte Finish that make them look """"SOOOOO VOGUE!""""</p><p>So what are you waiting for? Grab the designs that describe you best!</p>"
"EIC4511","en","East India Cases","26","http://www.threadcrafts.in/accessories/mobile-cases-covers/cristiano-ronaldo-pro-i5s/","Cristiano Ronaldo - iPhone SE / 5s","http://www.threadcrafts.in/images/thumbnails/280/280/detailed/2/I5S-EIC3IN-4511.jpg","2","449.00","Accessories///Mobile cases/covers","<p><span>At East India Cases our products are crafted with utmost attention to quality and finishing. We believe in 100% satisfaction and perfection. With an aim to provide our customers with best designs at amazing prices you can always find just what you need Right Here!</span></p><p><strong><em>MPro</em> Variant </strong>- Molded with premium Polycarbonates these cases sport a Matte Finish that make them look """"SOOOOO VOGUE!""""</p><p>So what are you waiting for? Grab the designs that describe you best!</p>"
"EIC4501","en","East India Cases","27","http://www.threadcrafts.in/accessories/mobile-cases-covers/manchester-united-pro-i5s/","Manchester United - iPhone SE / 5s","http://www.threadcrafts.in/images/thumbnails/280/280/detailed/2/I5S-EIC3IN-4501.jpg","1","449.00","Accessories///Mobile cases/covers","<p><span>At East India Cases our products are crafted with utmost attention to quality and finishing. We believe in 100% satisfaction and perfection. With an aim to provide our customers with best designs at amazing prices you can always find just what you need Right Here!</span></p><p><strong><em>MPro</em> Variant </strong>- Molded with premium Polycarbonates these cases sport a Matte Finish that make them look """"SOOOOO VOGUE!""""</p><p>So what are you waiting for? Grab the designs that describe you best!</p>"
"EIC441","en","East India Cases","28","http://www.threadcrafts.in/accessories/mobile-cases-covers/the-avengers-pro-i6s/","The Avengers - iPhone 6s / 6","http://www.threadcrafts.in/images/thumbnails/280/280/detailed/2/I6-BK3IN-441.jpg","1","449.00","Accessories///Mobile cases/covers","<p><span>At East India Cases our products are crafted with utmost attention to quality and finishing. We believe in 100% satisfaction and perfection. With an aim to provide our customers with best designs at amazing prices you can always find just what you need Right Here!</span></p><p><strong><em>MPro</em> Variant </strong>- Molded with premium Polycarbonates these cases sport a Matte Finish that make them look """"SOOOOO VOGUE!""""</p><p>So what are you waiting for? Grab the designs that describe you best!</p>"
"EIC432","en","East India Cases","29","http://www.threadcrafts.in/accessories/mobile-cases-covers/joker-pro-i6s/","Joker - iPhone 6s / 6","http://www.threadcrafts.in/images/thumbnails/280/280/detailed/2/I6-BK3IN-432.jpg","1","449.00","Accessories///Mobile cases/covers","<p><span>At East India Cases our products are crafted with utmost attention to quality and finishing. We believe in 100% satisfaction and perfection. With an aim to provide our customers with best designs at amazing prices you can always find just what you need Right Here!</span></p><p><strong><em>MPro</em> Variant </strong>- Molded with premium Polycarbonates these cases sport a Matte Finish that make them look """"SOOOOO VOGUE!""""</p><p>So what are you waiting for? Grab the designs that describe you best!</p>"
"EIC628-I6","en","East India Cases","30","http://www.threadcrafts.in/accessories/mobile-cases-covers/the-bat-is-here-pro-i6s/","The Bat Is Here - iPhone 6s / 6","http://www.threadcrafts.in/images/thumbnails/280/280/detailed/2/I6-BK3IN-628.jpg","1","449.00","Accessories///Mobile cases/covers","<p><span>At East India Cases our products are crafted with utmost attention to quality and finishing. We believe in 100% satisfaction and perfection. With an aim to provide our customers with best designs at amazing prices you can always find just what you need Right Here!</span></p><p><strong><em>MPro</em> Variant </strong>- Molded with premium Polycarbonates these cases sport a Matte Finish that make them look """"SOOOOO VOGUE!""""</p><p>So what are you waiting for? Grab the designs that describe you best!</p>"
"EIC459","en","East India Cases","33","http://www.threadcrafts.in/accessories/mobile-cases-covers/jokers-ghost-pro-i6s/","Jokers Ghost - iPhone 6s / 6","http://www.threadcrafts.in/images/thumbnails/280/280/detailed/2/I6-BK3IN-459.jpg","1","449.00","Accessories///Mobile cases/covers","<p><span>At East India Cases our products are crafted with utmost attention to quality and finishing. We believe in 100% satisfaction and perfection. With an aim to provide our customers with best designs at amazing prices you can always find just what you need Right Here!</span></p><p><strong><em>MPro</em> Variant </strong>- Molded with premium Polycarbonates these cases sport a Matte Finish that make them look """"SOOOOO VOGUE!""""</p><p>So what are you waiting for? Grab the designs that describe you best!</p>"
"EIC1405","en","East India Cases","34","http://www.threadcrafts.in/accessories/mobile-cases-covers/captain-america-holo-pro-i6s/","Captain America Holo - iPhone 6s / 6","http://www.threadcrafts.in/images/thumbnails/280/280/detailed/2/I6-BK3IN-1405.jpg","1","449.00","Accessories///Mobile cases/covers","<p><span>At East India Cases our products are crafted with utmost attention to quality and finishing. We believe in 100% satisfaction and perfection. With an aim to provide our customers with best designs at amazing prices you can always find just what you need Right Here!</span></p><p><strong><em>MPro</em> Variant </strong>- Molded with premium Polycarbonates these cases sport a Matte Finish that make them look """"SOOOOO VOGUE!""""</p><p>So what are you waiting for? Grab the designs that describe you best!</p>"
"EIC978","en","East India Cases","35","http://www.threadcrafts.in/accessories/mobile-cases-covers/baby-polka-dots-pro-i6s/","Baby Polka Dots - iPhone 6s / 6","http://www.threadcrafts.in/images/thumbnails/280/280/detailed/2/I6-BK3IN-978.jpg","1","449.00","Accessories///Mobile cases/covers","<p><span>At East India Cases our products are crafted with utmost attention to quality and finishing. We believe in 100% satisfaction and perfection. With an aim to provide our customers with best designs at amazing prices you can always find just what you need Right Here!</span></p><p><strong><em>MPro</em> Variant </strong>- Molded with premium Polycarbonates these cases sport a Matte Finish that make them look """"SOOOOO VOGUE!""""</p><p>So what are you waiting for? Grab the designs that describe you best!</p>"
"EIC968","en","East India Cases","36","http://www.threadcrafts.in/accessories/mobile-cases-covers/zig-zag-multicolor-pro-i6s/","Zig Zag Multicolor - iPhone 6s / 6","http://www.threadcrafts.in/images/thumbnails/280/280/detailed/2/I6-BK3IN-968.jpg","1","449.00","Accessories///Mobile cases/covers","<p><span>At East India Cases our products are crafted with utmost attention to quality and finishing. We believe in 100% satisfaction and perfection. With an aim to provide our customers with best designs at amazing prices you can always find just what you need Right Here!</span></p><p><strong><em>MPro</em> Variant </strong>- Molded with premium Polycarbonates these cases sport a Matte Finish that make them look """"SOOOOO VOGUE!""""</p><p>So what are you waiting for? Grab the designs that describe you best!</p>"
"EIC965","en","East India Cases","37","http://www.threadcrafts.in/accessories/mobile-cases-covers/anchor-pro-i6s/","Anchor - iPhone 6s / 6","http://www.threadcrafts.in/images/thumbnails/280/280/detailed/2/I6-BK3IN-965.jpg","1","449.00","Accessories///Mobile cases/covers","<p><span>At East India Cases our products are crafted with utmost attention to quality and finishing. We believe in 100% satisfaction and perfection. With an aim to provide our customers with best designs at amazing prices you can always find just what you need Right Here!</span></p><p><strong><em>MPro</em> Variant </strong>- Molded with premium Polycarbonates these cases sport a Matte Finish that make them look """"SOOOOO VOGUE!""""</p><p>So what are you waiting for? Grab the designs that describe you best!</p>"
"EIC761","en","East India Cases","38","http://www.threadcrafts.in/accessories/mobile-cases-covers/space-lion-pro-i6s/","Space Lion - iPhone 6s / 6","http://www.threadcrafts.in/images/thumbnails/280/280/detailed/2/I6-BK3IN-761.jpg","1","449.00","Accessories///Mobile cases/covers","<p><span>At East India Cases our products are crafted with utmost attention to quality and finishing. We believe in 100% satisfaction and perfection. With an aim to provide our customers with best designs at amazing prices you can always find just what you need Right Here!</span></p><p><strong><em>MPro</em> Variant </strong>- Molded with premium Polycarbonates these cases sport a Matte Finish that make them look """"SOOOOO VOGUE!""""</p><p>So what are you waiting for? Grab the designs that describe you best!</p>"
"EIC1412","en","East India Cases","39","http://www.threadcrafts.in/accessories/mobile-cases-covers/american-war-cry-pro-i6s/","American War Cry - iPhone 6s / 6","http://www.threadcrafts.in/images/thumbnails/280/280/detailed/2/I6-BK3IN-1412.jpg","1","449.00","Accessories///Mobile cases/covers","<p><span>At East India Cases our products are crafted with utmost attention to quality and finishing. We believe in 100% satisfaction and perfection. With an aim to provide our customers with best designs at amazing prices you can always find just what you need Right Here!</span></p><p><strong><em>MPro</em> Variant </strong>- Molded with premium Polycarbonates these cases sport a Matte Finish that make them look """"SOOOOO VOGUE!""""</p><p>So what are you waiting for? Grab the designs that describe you best!</p>"
"EIC4511","en","East India Cases","46","http://www.threadcrafts.in/accessories/mobile-cases-covers/cristiano-ronaldo-pro-i6sp/","Cristiano Ronaldo - iPhone 6s Plus / 6 Plus","http://www.threadcrafts.in/images/thumbnails/280/280/detailed/2/I6SP-EIC3IN-4511.jpg","1","449.00","Accessories///Mobile cases/covers","<p><span>At East India Cases our products are crafted with utmost attention to quality and finishing. We believe in 100% satisfaction and perfection. With an aim to provide our customers with best designs at amazing prices you can always find just what you need Right Here!</span></p><p><strong><em>MPro</em> Variant </strong>- Molded with premium Polycarbonates these cases sport a Matte Finish that make them look """"SOOOOO VOGUE!""""</p><p>So what are you waiting for? Grab the designs that describe you best!</p>"
"EIC5017A","en","East India Cases","41","http://www.threadcrafts.in/accessories/mobile-cases-covers/nebula-pro-i6s/","Nebula - iPhone 6s / 6","http://www.threadcrafts.in/images/thumbnails/280/280/detailed/2/I6S-EIC3IN-5017A.jpg","1","449.00","Accessories///Mobile cases/covers","<p><span>At East India Cases our products are crafted with utmost attention to quality and finishing. We believe in 100% satisfaction and perfection. With an aim to provide our customers with best designs at amazing prices you can always find just what you need Right Here!</span></p><p><strong><em>MPro</em> Variant </strong>- Molded with premium Polycarbonates these cases sport a Matte Finish that make them look """"SOOOOO VOGUE!""""</p><p>So what are you waiting for? Grab the designs that describe you best!</p>"
"EIC5039","en","East India Cases","42","http://www.threadcrafts.in/accessories/mobile-cases-covers/urban-skyline-pro-i6s/","Urban Skyline - iPhone 6s / 6","http://www.threadcrafts.in/images/thumbnails/280/280/detailed/2/I6S-EIC3IN-5039.jpg","1","449.00","Accessories///Mobile cases/covers","<p><span>At East India Cases our products are crafted with utmost attention to quality and finishing. We believe in 100% satisfaction and perfection. With an aim to provide our customers with best designs at amazing prices you can always find just what you need Right Here!</span></p><p><strong><em>MPro</em> Variant </strong>- Molded with premium Polycarbonates these cases sport a Matte Finish that make them look """"SOOOOO VOGUE!""""</p><p>So what are you waiting for? Grab the designs that describe you best!</p>"
"EIC4008","en","East India Cases","43","http://www.threadcrafts.in/accessories/mobile-cases-covers/stark-winter-is-coming-pro-i6s/","Stark - Winter is Coming - iPhone 6s / 6","http://www.threadcrafts.in/images/thumbnails/280/280/detailed/2/I6S-EIC3IN-4008.jpg","1","449.00","Accessories///Mobile cases/covers","<p><span>At East India Cases our products are crafted with utmost attention to quality and finishing. We believe in 100% satisfaction and perfection. With an aim to provide our customers with best designs at amazing prices you can always find just what you need Right Here!</span></p><p><strong><em>MPro</em> Variant </strong>- Molded with premium Polycarbonates these cases sport a Matte Finish that make them look """"SOOOOO VOGUE!""""</p><p>So what are you waiting for? Grab the designs that describe you best!</p>"
"EIC3003","en","East India Cases","44","http://www.threadcrafts.in/accessories/mobile-cases-covers/big-eyed-hulk-pro-i6s/","Big Eyed Hulk - iPhone 6s / 6","http://www.threadcrafts.in/images/thumbnails/280/280/detailed/2/I6S-EIC3IN-3003.jpg","1","449.00","Accessories///Mobile cases/covers","<p><span>At East India Cases our products are crafted with utmost attention to quality and finishing. We believe in 100% satisfaction and perfection. With an aim to provide our customers with best designs at amazing prices you can always find just what you need Right Here!</span></p><p><strong><em>MPro</em> Variant </strong>- Molded with premium Polycarbonates these cases sport a Matte Finish that make them look """"SOOOOO VOGUE!""""</p><p>So what are you waiting for? Grab the designs that describe you best!</p>"
"EIC1442","en","East India Cases","45","http://www.threadcrafts.in/accessories/mobile-cases-covers/iron-man-head-pro-i6s/","Iron Man Head - iPhone 6s / 6","http://www.threadcrafts.in/images/thumbnails/280/280/detailed/2/I6-BK3IN-1442.jpg","1","449.00","Accessories///Mobile cases/covers","<p><span>At East India Cases our products are crafted with utmost attention to quality and finishing. We believe in 100% satisfaction and perfection. With an aim to provide our customers with best designs at amazing prices you can always find just what you need Right Here!</span></p><p><strong><em>MPro</em> Variant </strong>- Molded with premium Polycarbonates these cases sport a Matte Finish that make them look """"SOOOOO VOGUE!""""</p><p>So what are you waiting for? Grab the designs that describe you best!</p>"
"EIC4501","en","East India Cases","47","http://www.threadcrafts.in/accessories/mobile-cases-covers/manchester-united-pro-i6sp/","Manchester United - iPhone 6s Plus / 6 Plus","http://www.threadcrafts.in/images/thumbnails/280/280/detailed/2/I6SP-EIC3IN-4501.jpg","1","449.00","Accessories///Mobile cases/covers","<p><span>At East India Cases our products are crafted with utmost attention to quality and finishing. We believe in 100% satisfaction and perfection. With an aim to provide our customers with best designs at amazing prices you can always find just what you need Right Here!</span></p><p><strong><em>MPro</em> Variant </strong>- Molded with premium Polycarbonates these cases sport a Matte Finish that make them look """"SOOOOO VOGUE!""""</p><p>So what are you waiting for? Grab the designs that describe you best!</p>"
"EIC841","en","East India Cases","48","http://www.threadcrafts.in/accessories/mobile-cases-covers/look-into-my-eyes-pro-i6sp/","Look into My Eyes - iPhone 6s Plus / 6 Plus","http://www.threadcrafts.in/images/thumbnails/280/280/detailed/2/I6P-BK3IN-841.jpg","1","449.00","Accessories///Mobile cases/covers","<p><span>At East India Cases our products are crafted with utmost attention to quality and finishing. We believe in 100% satisfaction and perfection. With an aim to provide our customers with best designs at amazing prices you can always find just what you need Right Here!</span></p><p><strong><em>MPro</em> Variant </strong>- Molded with premium Polycarbonates these cases sport a Matte Finish that make them look """"SOOOOO VOGUE!""""</p><p>So what are you waiting for? Grab the designs that describe you best!</p>"
"EIC610","en","East India Cases","49","http://www.threadcrafts.in/accessories/mobile-cases-covers/stuart-minion-pro-sga5/","Stuart Minion - Galaxy A5","http://www.threadcrafts.in/images/thumbnails/280/280/detailed/2/GA5-BK3IN-610.jpg","1","449.00","Accessories///Mobile cases/covers","<p><span>At East India Cases our products are crafted with utmost attention to quality and finishing. We believe in 100% satisfaction and perfection. With an aim to provide our customers with best designs at amazing prices you can always find just what you need Right Here!</span></p><p><strong><em>MPro</em> Variant </strong>- Molded with premium Polycarbonates these cases sport a Matte Finish that make them look """"SOOOOO VOGUE!""""</p><p>So what are you waiting for? Grab the designs that describe you best!</p>"
"EIC659","en","East India Cases","50","http://www.threadcrafts.in/accessories/mobile-cases-covers/scooby-doo-bee-doo-pro-sga5/","Scooby-Doo Bee Doo - Galaxy A5","http://www.threadcrafts.in/images/thumbnails/280/280/detailed/2/GA5-BK3IN-659.jpg","1","449.00","Accessories///Mobile cases/covers","<p><span>At East India Cases our products are crafted with utmost attention to quality and finishing. We believe in 100% satisfaction and perfection. With an aim to provide our customers with best designs at amazing prices you can always find just what you need Right Here!</span></p><p><strong><em>MPro</em> Variant </strong>- Molded with premium Polycarbonates these cases sport a Matte Finish that make them look """"SOOOOO VOGUE!""""</p><p>So what are you waiting for? Grab the designs that describe you best!</p>"
"EIC3011","en","East India Cases","51","http://www.threadcrafts.in/accessories/mobile-cases-covers/the-flash-pro-sga5/","The Flash - Galaxy A5","http://www.threadcrafts.in/images/thumbnails/280/280/detailed/2/GA5-EIC3IN-3011.jpg","1","449.00","Accessories///Mobile cases/covers","<p><span>At East India Cases our products are crafted with utmost attention to quality and finishing. We believe in 100% satisfaction and perfection. With an aim to provide our customers with best designs at amazing prices you can always find just what you need Right Here!</span></p><p><strong><em>MPro</em> Variant </strong>- Molded with premium Polycarbonates these cases sport a Matte Finish that make them look """"SOOOOO VOGUE!""""</p><p>So what are you waiting for? Grab the designs that describe you best!</p>"
"EIC5008","en","East India Cases","52","http://www.threadcrafts.in/accessories/mobile-cases-covers/adventure-awaits-pro-sga7/","Adventure Awaits - Galaxy A7","http://www.threadcrafts.in/images/thumbnails/280/280/detailed/2/GA7-EIC3IN-5008.jpg","1","449.00","Accessories///Mobile cases/covers","<p><span>At East India Cases our products are crafted with utmost attention to quality and finishing. We believe in 100% satisfaction and perfection. With an aim to provide our customers with best designs at amazing prices you can always find just what you need Right Here!</span></p><p><strong><em>MPro</em> Variant </strong>- Molded with premium Polycarbonates these cases sport a Matte Finish that make them look """"SOOOOO VOGUE!""""</p><p>So what are you waiting for? Grab the designs that describe you best!</p>"
"EIC4501","en","East India Cases","53","http://www.threadcrafts.in/accessories/mobile-cases-covers/manchester-united-pro-sga7/","Manchester United - Galaxy A7","http://www.threadcrafts.in/images/thumbnails/280/280/detailed/2/GA7-EIC3IN-4501.jpg","1","449.00","Accessories///Mobile cases/covers","<p><span>At East India Cases our products are crafted with utmost attention to quality and finishing. We believe in 100% satisfaction and perfection. With an aim to provide our customers with best designs at amazing prices you can always find just what you need Right Here!</span></p><p><strong><em>MPro</em> Variant </strong>- Molded with premium Polycarbonates these cases sport a Matte Finish that make them look """"SOOOOO VOGUE!""""</p><p>So what are you waiting for? Grab the designs that describe you best!</p>"
"EIC3026","en","East India Cases","54","http://www.threadcrafts.in/accessories/mobile-cases-covers/batman-portrait-pro-sga7/","Batman Portrait - Galaxy A7","http://www.threadcrafts.in/images/thumbnails/280/280/detailed/2/GA7-EIC3IN-3026.jpg","1","449.00","Accessories///Mobile cases/covers","<p><span>At East India Cases our products are crafted with utmost attention to quality and finishing. We believe in 100% satisfaction and perfection. With an aim to provide our customers with best designs at amazing prices you can always find just what you need Right Here!</span></p><p><strong><em>MPro</em> Variant </strong>- Molded with premium Polycarbonates these cases sport a Matte Finish that make them look """"SOOOOO VOGUE!""""</p><p>So what are you waiting for? Grab the designs that describe you best!</p>"
"EIC3029","en","East India Cases","55","http://www.threadcrafts.in/accessories/mobile-cases-covers/batman-superman-silhouette-pro-sga8/","Batman Superman Silhouette - Galaxy A8","http://www.threadcrafts.in/images/thumbnails/280/280/detailed/2/GA8-EIC3IN-3029.jpg","1","449.00","Accessories///Mobile cases/covers","<p><span>At East India Cases our products are crafted with utmost attention to quality and finishing. We believe in 100% satisfaction and perfection. With an aim to provide our customers with best designs at amazing prices you can always find just what you need Right Here!</span></p><p><strong><em>MPro</em> Variant </strong>- Molded with premium Polycarbonates these cases sport a Matte Finish that make them look """"SOOOOO VOGUE!""""</p><p>So what are you waiting for? Grab the designs that describe you best!</p>"
"EIC757","en","East India Cases","56","http://www.threadcrafts.in/accessories/mobile-cases-covers/abstract-paints-pro-sge7/","Abstract Paints - Galaxy E7","http://www.threadcrafts.in/images/thumbnails/280/280/detailed/2/GE7-BK3IN-757.jpg","1","449.00","Accessories///Mobile cases/covers","<p><span>At East India Cases our products are crafted with utmost attention to quality and finishing. We believe in 100% satisfaction and perfection. With an aim to provide our customers with best designs at amazing prices you can always find just what you need Right Here!</span></p><p><strong><em>MPro</em> Variant </strong>- Molded with premium Polycarbonates these cases sport a Matte Finish that make them look """"SOOOOO VOGUE!""""</p><p>So what are you waiting for? Grab the designs that describe you best!</p>"
"EIC1433","en","East India Cases","57","http://www.threadcrafts.in/accessories/mobile-cases-covers/ironman-pro-sgj7/","IronMan - Galaxy J7","http://www.threadcrafts.in/images/thumbnails/280/280/detailed/2/GJ7-BK3IN-1433.jpg","1","449.00","Accessories///Mobile cases/covers","<p><span>At East India Cases our products are crafted with utmost attention to quality and finishing. We believe in 100% satisfaction and perfection. With an aim to provide our customers with best designs at amazing prices you can always find just what you need Right Here!</span></p><p><strong><em>MPro</em> Variant </strong>- Molded with premium Polycarbonates these cases sport a Matte Finish that make them look """"SOOOOO VOGUE!""""</p><p>So what are you waiting for? Grab the designs that describe you best!</p>"
"EIC5026","en","East India Cases","58","http://www.threadcrafts.in/accessories/mobile-cases-covers/chinese-roses-pro-sgj7/","Chinese Rose - Galaxy J7","http://www.threadcrafts.in/images/thumbnails/280/280/detailed/2/GJ7-EIC3IN-5026.jpg","1","449.00","Accessories///Mobile cases/covers","<p><span>At East India Cases our products are crafted with utmost attention to quality and finishing. We believe in 100% satisfaction and perfection. With an aim to provide our customers with best designs at amazing prices you can always find just what you need Right Here!</span></p><p><strong><em>MPro</em> Variant </strong>- Molded with premium Polycarbonates these cases sport a Matte Finish that make them look """"SOOOOO VOGUE!""""</p><p>So what are you waiting for? Grab the designs that describe you best!</p>"
"EIC628-GS","en","East India Cases","59","http://www.threadcrafts.in/accessories/mobile-cases-covers/the-bat-is-here-pro-sgs6/","The Bat Is Here - Galaxy S6","http://www.threadcrafts.in/images/thumbnails/280/280/detailed/2/S6-BK3IN-628.jpg","1","449.00","Accessories///Mobile cases/covers","<p><span>At East India Cases our products are crafted with utmost attention to quality and finishing. We believe in 100% satisfaction and perfection. With an aim to provide our customers with best designs at amazing prices you can always find just what you need Right Here!</span></p><p><strong><em>MPro</em> Variant </strong>- Molded with premium Polycarbonates these cases sport a Matte Finish that make them look """"SOOOOO VOGUE!""""</p><p>So what are you waiting for? Grab the designs that describe you best!</p>"
"EIC4501","en","East India Cases","60","http://www.threadcrafts.in/accessories/mobile-cases-covers/manchester-united-pro-sgs6/","Manchester United - Galaxy S6","http://www.threadcrafts.in/images/thumbnails/280/280/detailed/2/S6-EIC3IN-4501.jpg","1","449.00","Accessories///Mobile cases/covers","<p><span>At East India Cases our products are crafted with utmost attention to quality and finishing. We believe in 100% satisfaction and perfection. With an aim to provide our customers with best designs at amazing prices you can always find just what you need Right Here!</span></p><p><strong><em>MPro</em> Variant </strong>- Molded with premium Polycarbonates these cases sport a Matte Finish that make them look """"SOOOOO VOGUE!""""</p><p>So what are you waiting for? Grab the designs that describe you best!</p>"
"EIC3601","en","East India Cases","61","http://www.threadcrafts.in/accessories/mobile-cases-covers/man-im-pretty-pro-sgs6e/","Man I'm Pretty - Galaxy S6 Edge","http://www.threadcrafts.in/images/thumbnails/280/280/detailed/2/S6E-EIC3IN-3601.jpg","1","449.00","Accessories///Mobile cases/covers","<p><span>At East India Cases our products are crafted with utmost attention to quality and finishing. We believe in 100% satisfaction and perfection. With an aim to provide our customers with best designs at amazing prices you can always find just what you need Right Here!</span></p><p><strong><em>MPro</em> Variant </strong>- Molded with premium Polycarbonates these cases sport a Matte Finish that make them look """"SOOOOO VOGUE!""""</p><p>So what are you waiting for? Grab the designs that describe you best!</p>"
"EIC3026","en","East India Cases","62","http://www.threadcrafts.in/accessories/mobile-cases-covers/batman-portrait-pro-la7000/","Batman Portrait - Lenovo A7000 / K3 Note","http://www.threadcrafts.in/images/thumbnails/280/280/detailed/2/LA7000-EIC3IN-3026.jpg","1","449.00","Accessories///Mobile cases/covers","<p><span>At East India Cases our products are crafted with utmost attention to quality and finishing. We believe in 100% satisfaction and perfection. With an aim to provide our customers with best designs at amazing prices you can always find just what you need Right Here!</span></p><p><strong><em>MPro</em> Variant </strong>- Molded with premium Polycarbonates these cases sport a Matte Finish that make them look """"SOOOOO VOGUE!""""</p><p>So what are you waiting for? Grab the designs that describe you best!</p>"
"EIC5006","en","East India Cases","63","http://www.threadcrafts.in/accessories/mobile-cases-covers/cut-n-paste-collage-pro-sxc3/","Cut n Paste Collage - Xperia C3","http://www.threadcrafts.in/images/thumbnails/280/280/detailed/2/XC3-EIC3IN-5006.jpg","1","449.00","Accessories///Mobile cases/covers","<p><span>At East India Cases our products are crafted with utmost attention to quality and finishing. We believe in 100% satisfaction and perfection. With an aim to provide our customers with best designs at amazing prices you can always find just what you need Right Here!</span></p><p><strong><em>MPro</em> Variant </strong>- Molded with premium Polycarbonates these cases sport a Matte Finish that make them look """"SOOOOO VOGUE!""""</p><p>So what are you waiting for? Grab the designs that describe you best!</p>"
"EIC3012","en","East India Cases","64","http://www.threadcrafts.in/accessories/mobile-cases-covers/back-in-a-flash-pro-h6/","Back in a Flash - Honor 6","http://www.threadcrafts.in/images/thumbnails/280/280/detailed/2/H6-EIC3IN-3012.jpg","1","449.00","Accessories///Mobile cases/covers","<p><span>At East India Cases our products are crafted with utmost attention to quality and finishing. We believe in 100% satisfaction and perfection. With an aim to provide our customers with best designs at amazing prices you can always find just what you need Right Here!</span></p><p><strong><em>MPro</em> Variant </strong>- Molded with premium Polycarbonates these cases sport a Matte Finish that make them look """"SOOOOO VOGUE!""""</p><p>So what are you waiting for? Grab the designs that describe you best!</p>"
"EIC433","en","East India Cases","65","http://www.threadcrafts.in/accessories/mobile-cases-covers/arc-reactor-blue-print-pro-op1/","Arc Reactor Blue Print - OnePlus One","http://www.threadcrafts.in/images/thumbnails/280/280/detailed/2/OPO-BK3IN-453.jpg","1","449.00","Accessories///Mobile cases/covers","<p><span>At East India Cases our products are crafted with utmost attention to quality and finishing. We believe in 100% satisfaction and perfection. With an aim to provide our customers with best designs at amazing prices you can always find just what you need Right Here!</span></p><p><strong><em>MPro</em> Variant </strong>- Molded with premium Polycarbonates these cases sport a Matte Finish that make them look """"SOOOOO VOGUE!""""</p><p>So what are you waiting for? Grab the designs that describe you best!</p>"
"EIC3001","en","East India Cases","66","http://www.threadcrafts.in/accessories/mobile-cases-covers/the-bat-face-pro-op1/","The Bat Face - OnePlus One","http://www.threadcrafts.in/images/thumbnails/280/280/detailed/2/OPO-EIC3IN-3001.jpg","1","449.00","Accessories///Mobile cases/covers","<p><span>At East India Cases our products are crafted with utmost attention to quality and finishing. We believe in 100% satisfaction and perfection. With an aim to provide our customers with best designs at amazing prices you can always find just what you need Right Here!</span></p><p><strong><em>MPro</em> Variant </strong>- Molded with premium Polycarbonates these cases sport a Matte Finish that make them look """"SOOOOO VOGUE!""""</p><p>So what are you waiting for? Grab the designs that describe you best!</p>"
"EIC3005","en","East India Cases","67","http://www.threadcrafts.in/accessories/mobile-cases-covers/big-eyed-iron-man-pro-op1/","Big Eyed Iron Man - OnePlus One","http://www.threadcrafts.in/images/thumbnails/280/280/detailed/2/OPO-EIC3IN-3005.jpg","1","449.00","Accessories///Mobile cases/covers","<p><span>At East India Cases our products are crafted with utmost attention to quality and finishing. We believe in 100% satisfaction and perfection. With an aim to provide our customers with best designs at amazing prices you can always find just what you need Right Here!</span></p><p><strong><em>MPro</em> Variant </strong>- Molded with premium Polycarbonates these cases sport a Matte Finish that make them look """"SOOOOO VOGUE!""""</p><p>So what are you waiting for? Grab the designs that describe you best!</p>"
"EIC628-D8","en","East India Cases","68","http://www.threadcrafts.in/accessories/mobile-cases-covers/the-bat-is-here-pro-d820/","The Bat Is Here - Desire 820","http://www.threadcrafts.in/images/thumbnails/280/280/detailed/2/D820-BK3IN-628.jpg","1","449.00","Accessories///Mobile cases/covers","<p><span>At East India Cases our products are crafted with utmost attention to quality and finishing. We believe in 100% satisfaction and perfection. With an aim to provide our customers with best designs at amazing prices you can always find just what you need Right Here!</span></p><p><strong><em>MPro</em> Variant </strong>- Molded with premium Polycarbonates these cases sport a Matte Finish that make them look """"SOOOOO VOGUE!""""</p><p>So what are you waiting for? Grab the designs that describe you best!</p>"
"EIC1425-D8","en","East India Cases","69","http://www.threadcrafts.in/accessories/mobile-cases-covers/american-patriotism-pro-d820/","American Patriotism - Desire 820","http://www.threadcrafts.in/images/thumbnails/280/280/detailed/2/D820-BK3IN-1425.jpg","1","449.00","Accessories///Mobile cases/covers","<p><span>At East India Cases our products are crafted with utmost attention to quality and finishing. We believe in 100% satisfaction and perfection. With an aim to provide our customers with best designs at amazing prices you can always find just what you need Right Here!</span></p><p><strong><em>MPro</em> Variant </strong>- Molded with premium Polycarbonates these cases sport a Matte Finish that make them look """"SOOOOO VOGUE!""""</p><p>So what are you waiting for? Grab the designs that describe you best!</p>"
"EIC873","en","East India Cases","70","http://www.threadcrafts.in/accessories/mobile-cases-covers/mischief-managed-pro-d826/","Mischief Managed - Desire 826","http://www.threadcrafts.in/images/thumbnails/280/280/detailed/2/D826-BK3IN-873.jpg","1","449.00","Accessories///Mobile cases/covers","<p><span>At East India Cases our products are crafted with utmost attention to quality and finishing. We believe in 100% satisfaction and perfection. With an aim to provide our customers with best designs at amazing prices you can always find just what you need Right Here!</span></p><p><strong><em>MPro</em> Variant </strong>- Molded with premium Polycarbonates these cases sport a Matte Finish that make them look """"SOOOOO VOGUE!""""</p><p>So what are you waiting for? Grab the designs that describe you best!</p>"
"EIC672","en","East India Cases","71","http://www.threadcrafts.in/accessories/mobile-cases-covers/the-lorax-pro-xmi3/","The Lorax - Xiaomi Mi 3","http://www.threadcrafts.in/images/thumbnails/280/280/detailed/2/MI3-BK3IN-672.jpg","1","449.00","Accessories///Mobile cases/covers","<p><span>At East India Cases our products are crafted with utmost attention to quality and finishing. We believe in 100% satisfaction and perfection. With an aim to provide our customers with best designs at amazing prices you can always find just what you need Right Here!</span></p><p><strong><em>MPro</em> Variant </strong>- Molded with premium Polycarbonates these cases sport a Matte Finish that make them look """"SOOOOO VOGUE!""""</p><p>So what are you waiting for? Grab the designs that describe you best!</p>"
"EIC3027","en","East India Cases","72","http://www.threadcrafts.in/accessories/mobile-cases-covers/superman-portrait-pro-xmi4i/","Superman Portrait - Xiaomi Mi 4i","http://www.threadcrafts.in/images/thumbnails/280/280/detailed/2/MI4I-EIC3IN-3027.jpg","1","449.00","Accessories///Mobile cases/covers","<p><span>At East India Cases our products are crafted with utmost attention to quality and finishing. We believe in 100% satisfaction and perfection. With an aim to provide our customers with best designs at amazing prices you can always find just what you need Right Here!</span></p><p><strong><em>MPro</em> Variant </strong>- Molded with premium Polycarbonates these cases sport a Matte Finish that make them look """"SOOOOO VOGUE!""""</p><p>So what are you waiting for? Grab the designs that describe you best!</p>"
"EIC5009","en","East India Cases","73","http://www.threadcrafts.in/accessories/mobile-cases-covers/morocco-cities-pro-lgg4/","Morocco Cities - LG G4","http://www.threadcrafts.in/images/thumbnails/280/280/detailed/2/G4-EIC3IN-5009.jpg","1","449.00","Accessories///Mobile cases/covers","<p><span>At East India Cases our products are crafted with utmost attention to quality and finishing. We believe in 100% satisfaction and perfection. With an aim to provide our customers with best designs at amazing prices you can always find just what you need Right Here!</span></p><p><strong><em>MPro</em> Variant </strong>- Molded with premium Polycarbonates these cases sport a Matte Finish that make them look """"SOOOOO VOGUE!""""</p><p>So what are you waiting for? Grab the designs that describe you best!</p>"
"EIC1438","en","East India Cases","74","http://www.threadcrafts.in/accessories/mobile-cases-covers/superman-man-of-steel-pro-n5/","Superman Man of Steel - Nexus 5","http://www.threadcrafts.in/images/thumbnails/280/280/detailed/2/N5-BK3IN-1438.jpg","1","449.00","Accessories///Mobile cases/covers","<p><span>At East India Cases our products are crafted with utmost attention to quality and finishing. We believe in 100% satisfaction and perfection. With an aim to provide our customers with best designs at amazing prices you can always find just what you need Right Here!</span></p><p><strong><em>MPro</em> Variant </strong>- Molded with premium Polycarbonates these cases sport a Matte Finish that make them look """"SOOOOO VOGUE!""""</p><p>So what are you waiting for? Grab the designs that describe you best!</p>"
"EIC5008","en","East India Cases","75","http://www.threadcrafts.in/accessories/mobile-cases-covers/adventure-awaits-pro-n5/","Adventure Awaits - Nexus 5","http://www.threadcrafts.in/images/thumbnails/280/280/detailed/2/N5-EIC3IN-5008.jpg","1","449.00","Accessories///Mobile cases/covers","<p><span>At East India Cases our products are crafted with utmost attention to quality and finishing. We believe in 100% satisfaction and perfection. With an aim to provide our customers with best designs at amazing prices you can always find just what you need Right Here!</span></p><p><strong><em>MPro</em> Variant </strong>- Molded with premium Polycarbonates these cases sport a Matte Finish that make them look """"SOOOOO VOGUE!""""</p><p>So what are you waiting for? Grab the designs that describe you best!</p>"
"EIC5036","en","East India Cases","76","http://www.threadcrafts.in/accessories/mobile-cases-covers/cyan-anchor-pro-n5/","Cyan Anchor - Nexus 5","http://www.threadcrafts.in/images/thumbnails/280/280/detailed/2/N5-EIC3IN-5036.jpg","1","449.00","Accessories///Mobile cases/covers","<p><span>At East India Cases our products are crafted with utmost attention to quality and finishing. We believe in 100% satisfaction and perfection. With an aim to provide our customers with best designs at amazing prices you can always find just what you need Right Here!</span></p><p><strong><em>MPro</em> Variant </strong>- Molded with premium Polycarbonates these cases sport a Matte Finish that make them look """"SOOOOO VOGUE!""""</p><p>So what are you waiting for? Grab the designs that describe you best!</p>"
"EIC1425-N5X","en","East India Cases","77","http://www.threadcrafts.in/accessories/mobile-cases-covers/american-patriotism-pro-n5x/","American Patriotism - Nexus 5X","http://www.threadcrafts.in/images/thumbnails/280/280/detailed/2/N5X-BK3IN-1425.jpg","2","449.00","Accessories///Mobile cases/covers","<p><span>At East India Cases our products are crafted with utmost attention to quality and finishing. We believe in 100% satisfaction and perfection. With an aim to provide our customers with best designs at amazing prices you can always find just what you need Right Here!</span></p><p><strong><em>MPro</em> Variant </strong>- Molded with premium Polycarbonates these cases sport a Matte Finish that make them look """"SOOOOO VOGUE!""""</p><p>So what are you waiting for? Grab the designs that describe you best!</p>"
"EIC4003","en","East India Cases","78","http://www.threadcrafts.in/accessories/mobile-cases-covers/got-talk-to-the-hand-pro-n6p/","Talk To The Hand - Nexus 6P","http://www.threadcrafts.in/images/thumbnails/280/280/detailed/2/N6P-EIC3IN-4003.jpg","1","449.00","Accessories///Mobile cases/covers","<p><span>At East India Cases our products are crafted with utmost attention to quality and finishing. We believe in 100% satisfaction and perfection. With an aim to provide our customers with best designs at amazing prices you can always find just what you need Right Here!</span></p><p><strong><em>MPro</em> Variant </strong>- Molded with premium Polycarbonates these cases sport a Matte Finish that make them look """"SOOOOO VOGUE!""""</p><p>So what are you waiting for? Grab the designs that describe you best!</p>"
"EIC4501","en","East India Cases","79","http://www.threadcrafts.in/accessories/mobile-cases-covers/manchester-united-pro-me2/","Manchester United - Moto E (2nd Gen.)","http://www.threadcrafts.in/images/thumbnails/280/280/detailed/2/ME2-EIC3IN-4501.jpg","1","449.00","Accessories///Mobile cases/covers","<p><span>At East India Cases our products are crafted with utmost attention to quality and finishing. We believe in 100% satisfaction and perfection. With an aim to provide our customers with best designs at amazing prices you can always find just what you need Right Here!</span></p><p><strong><em>MPro</em> Variant </strong>- Molded with premium Polycarbonates these cases sport a Matte Finish that make them look """"SOOOOO VOGUE!""""</p><p>So what are you waiting for? Grab the designs that describe you best!</p>"
"EIC1425-HOMP","en","East India Cases","80","http://www.threadcrafts.in/accessories/mobile-cases-covers/american-patriotism-pro-om9p/","American Patriotism - HTC One M9 Plus","http://www.threadcrafts.in/images/thumbnails/280/280/detailed/2/M9P-BK3IN-1425.jpg","1","449.00","Accessories///Mobile cases/covers","<p><span>At East India Cases our products are crafted with utmost attention to quality and finishing. We believe in 100% satisfaction and perfection. With an aim to provide our customers with best designs at amazing prices you can always find just what you need Right Here!</span></p><p><strong><em>MPro</em> Variant </strong>- Molded with premium Polycarbonates these cases sport a Matte Finish that make them look """"SOOOOO VOGUE!""""</p><p>So what are you waiting for? Grab the designs that describe you best!</p>"
"EIC1421","en","East India Cases","81","http://www.threadcrafts.in/accessories/mobile-cases-covers/captain-america-hydra-fusion-pro-om9p/","Captain America Hydra Fusion - HTC One M9 Plus","http://www.threadcrafts.in/images/thumbnails/280/280/detailed/2/M9P-BK3IN-1421.jpg","1","449.00","Accessories///Mobile cases/covers","<p><span>At East India Cases our products are crafted with utmost attention to quality and finishing. We believe in 100% satisfaction and perfection. With an aim to provide our customers with best designs at amazing prices you can always find just what you need Right Here!</span></p><p><strong><em>MPro</em> Variant </strong>- Molded with premium Polycarbonates these cases sport a Matte Finish that make them look """"SOOOOO VOGUE!""""</p><p>So what are you waiting for? Grab the designs that describe you best!</p>"
"EIC618","en","East India Cases","82","http://www.threadcrafts.in/accessories/mobile-cases-covers/herry-muppet-pro-az2/","Herry Muppet - Asus ZenFone 2","http://www.threadcrafts.in/images/thumbnails/280/280/detailed/2/AZ2-BK3IN-618.jpg","1","449.00","Accessories///Mobile cases/covers","<p><span>At East India Cases our products are crafted with utmost attention to quality and finishing. We believe in 100% satisfaction and perfection. With an aim to provide our customers with best designs at amazing prices you can always find just what you need Right Here!</span></p><p><strong><em>MPro</em> Variant </strong>- Molded with premium Polycarbonates these cases sport a Matte Finish that make them look """"SOOOOO VOGUE!""""</p><p>So what are you waiting for? Grab the designs that describe you best!</p>"
"EIC625","en","East India Cases","83","http://www.threadcrafts.in/accessories/mobile-cases-covers/cheerful-lion-pro-az2/","Cheerful Lion - Asus ZenFone 2","http://www.threadcrafts.in/images/thumbnails/280/280/detailed/2/AZ2-BK3IN-625.jpg","1","449.00","Accessories///Mobile cases/covers","<p><span>At East India Cases our products are crafted with utmost attention to quality and finishing. We believe in 100% satisfaction and perfection. With an aim to provide our customers with best designs at amazing prices you can always find just what you need Right Here!</span></p><p><strong><em>MPro</em> Variant </strong>- Molded with premium Polycarbonates these cases sport a Matte Finish that make them look """"SOOOOO VOGUE!""""</p><p>So what are you waiting for? Grab the designs that describe you best!</p>"
"EIC625","en","East India Cases","84","http://www.threadcrafts.in/accessories/mobile-cases-covers/the-bat-is-here-pro-az5/","The Bat Is Here - Asus ZenFone 5","http://www.threadcrafts.in/images/thumbnails/280/280/detailed/2/AZ5-BK3IN-628.jpg","1","449.00","Accessories///Mobile cases/covers","<p><span>At East India Cases our products are crafted with utmost attention to quality and finishing. We believe in 100% satisfaction and perfection. With an aim to provide our customers with best designs at amazing prices you can always find just what you need Right Here!</span></p><p><strong><em>MPro</em> Variant </strong>- Molded with premium Polycarbonates these cases sport a Matte Finish that make them look """"SOOOOO VOGUE!""""</p><p>So what are you waiting for? Grab the designs that describe you best!</p>"
"EIC1425-MU2","en","East India Cases","85","http://www.threadcrafts.in/accessories/mobile-cases-covers/american-patriotism-pro-mxu2/","American Patriotism - Micromax Unite 2","http://www.threadcrafts.in/images/thumbnails/280/280/detailed/2/MU2-BK3IN-1425.jpg","1","449.00","Accessories///Mobile cases/covers","<p><span>At East India Cases our products are crafted with utmost attention to quality and finishing. We believe in 100% satisfaction and perfection. With an aim to provide our customers with best designs at amazing prices you can always find just what you need Right Here!</span></p><p><strong><em>MPro</em> Variant </strong>- Molded with premium Polycarbonates these cases sport a Matte Finish that make them look """"SOOOOO VOGUE!""""</p><p>So what are you waiting for? Grab the designs that describe you best!</p>"
